StrategyName,WindowCount,MedianCAGR,WorstCAGR,WorstMDD,CAGRStd
Weekly QualityProfitability MVP,3,-0.0014390594009737745,-0.10621637333615419,-0.2537097463152157,0.5664353406294886
