Strategy,WindowCount,MedianCAGR,WorstCAGR,WorstMDD,MedianSharpe
Weekly Hybrid QP50 RS50,2,-0.06425891878870799,-0.11895588445193139,-0.1465484275957184,-0.6766323627867875
Weekly QualityProfitability MVP,2,-0.1590381515494214,-0.23890098131124515,-0.27907473726936716,-1.169542284929284
Weekly Score50 RegimeState,2,0.03781772038715914,0.01291776013432755,-0.06401305420997505,0.46247446431791744
