,Daily Top20,Weekly Top20,Weekly Buffer 20/25
2026-03-03,0.9384422579512379,0.9384422579512379,0.9384422579512379
