OneWayCostBps,CAGR,MDD,Sharpe,FinalNAV
0.0,0.3494900459168384,-0.24410672389709165,1.5000528760333431,6.037260565684773
5.0,0.3418938985470352,-0.24827127135296168,1.4741381143104166,5.836254644760351
10.0,0.33433567237915396,-0.2524158832009178,1.4481980324244779,5.641818382878738
15.0,0.32681520176004897,-0.2565966615266084,1.4222333139093128,5.453741059720441
25.0,0.3118868676662552,-0.26576667827434364,1.370232715689564,5.095853297183365
35.0,0.29710758345564936,-0.2748366193965147,1.3181418449264712,4.76103456855521
