Market,Contribution
US,1.7777850270845332
KR,0.28522354687397333
