OneWayCostBps,CAGR,MDD,Sharpe,FinalNAV
0.0,0.31848837817972075,-0.2541833613851301,1.4605960215262606,5.251622022188471
5.0,0.3109720330363781,-0.2589001173661576,1.4330265967940432,5.074573945015328
10.0,0.3034937954946697,-0.26359044126735387,1.4054223868682854,4.903387710833091
15.0,0.296053495963879,-0.26825446228790717,1.3777840588630168,4.737872777853698
25.0,0.28128603582811973,-0.27750410978766626,1.3224077384524187,4.423124852415292
35.0,0.2666683088975441,-0.2877734939954001,1.2669030569506168,4.1289240274660095
