Market,Contribution
US,1.7271950148645767
KR,0.2642589173315407
