CAGR,MDD,Sharpe,FinalNAV,AnnualTurnover,Months
0.33670920492365486,-0.32086999837374874,1.3055909048150462,5.7022873325405925,15.85480093676815,61
