Market,ContributionSum,ContributionMean,Months
KR,0.09959834262192323,0.007114167330137373,14
US,0.16812879956582638,0.007005366648576099,24
