CAGR,MDD,Sharpe,FinalNAV,AnnualTurnover,Months
0.33433567237915396,-0.2524158832009178,1.4481980324244779,5.641818382878738,13.716065573770493,61
