Variant,OneWayCostBps,CAGR,MDD,Sharpe,FinalNAV
rule_sector_cap2_breadth_it_us5_top2_convex_risk_on,75.0,0.3825806173293289,-0.3425153086962506,1.3625774971227045,6.981523272037867
rule_sector_cap2_breadth_it_us5_top2_risk_on,75.0,0.357577781155592,-0.3425153086962506,1.3117390615349773,6.257582496745423
rule_sector_cap2_breadth_it_us5_risk_on,75.0,0.31819708135529745,-0.3425153086962506,1.2554171558601517,5.24466593120699
