Label,Model,Benchmark,OneWayCostBps,ModelCAGR,ModelMDD,ModelSharpe,FinalNAV,BenchmarkCAGR,BenchmarkSharpe,BenchmarkMDD,CAGRDelta,SharpeDelta,MDDDelta
aggressive_vs_full_xs_mom,rule_sector_cap2_breadth_it_us5_top2_convex_ranked_tail_count5_pen55_floor35_risk_on,benchmark_xs_mom_12_1_top5_eq,10.0,0.5709933497835453,-0.29270595691257784,1.6874551616828117,15.023721754106305,0.4909635890772157,0.7958383985428232,-0.32833729003497636,0.08002976070632961,0.8916167631399885,0.03563133312239852
aggressive_vs_full_xs_mom,rule_sector_cap2_breadth_it_us5_top2_convex_ranked_tail_count5_pen55_floor35_risk_on,benchmark_xs_mom_12_1_top5_eq,20.0,0.5518662689568361,-0.3005761989315733,1.645550702482531,13.95932747842347,0.47497389811299584,0.7819093620436854,-0.3314694248427069,0.07689237084384026,0.8636413404388457,0.030893225911133637
aggressive_vs_full_xs_mom,rule_sector_cap2_breadth_it_us5_top2_convex_ranked_tail_count5_pen55_floor35_risk_on,benchmark_xs_mom_12_1_top5_eq,30.0,0.5329460092507148,-0.3083701306709071,1.6035995095847584,12.969020673220687,0.45913427537451335,0.7679664105353126,-0.3345924257913808,0.07381173387620144,0.8356330990494458,0.026222295120473693
aggressive_vs_full_xs_mom,rule_sector_cap2_breadth_it_us5_top2_convex_ranked_tail_count5_pen55_floor35_risk_on,benchmark_xs_mom_12_1_top5_eq,50.0,0.49571813538509235,-0.3237315841025783,1.5195677597906427,11.19075017177174,0.42790037064901365,0.7400393676210908,-0.34081107534306243,0.0678177647360787,0.7795283921695519,0.017079491240484135
aggressive_vs_full_xs_mom,rule_sector_cap2_breadth_it_us5_top2_convex_ranked_tail_count5_pen55_floor35_risk_on,benchmark_xs_mom_12_1_top5_eq,75.0,0.45031211421220974,-0.3425153086962506,1.4143136182560414,9.301389236592136,0.38968060440684904,0.7050550011238552,-0.35479380059248067,0.060631509805360695,0.7092586171321862,0.012278491896230093
