Label,Model,Benchmark,OneWayCostBps,ModelCAGR,ModelMDD,ModelSharpe,FinalNAV,BenchmarkCAGR,BenchmarkSharpe,BenchmarkMDD,CAGRDelta,SharpeDelta,MDDDelta
aggressive_vs_full_xs_mom,rule_sector_cap2_breadth_it_us5_top2_convex_ranked_tail_count5_floor40_risk_on,benchmark_xs_mom_12_1_top5_eq,10.0,0.5585123581519118,-0.29270595691257784,1.6854655565277041,14.321803016835304,0.4909635890772157,0.7958383985428232,-0.32833729003497636,0.06754876907469609,0.8896271579848809,0.03563133312239852
aggressive_vs_full_xs_mom,rule_sector_cap2_breadth_it_us5_top2_convex_ranked_tail_count5_floor40_risk_on,benchmark_xs_mom_12_1_top5_eq,20.0,0.5395732492927012,-0.3005761989315733,1.6429280227874576,13.309005409096889,0.47497389811299584,0.7819093620436854,-0.3314694248427069,0.06459935117970539,0.8610186607437722,0.030893225911133637
aggressive_vs_full_xs_mom,rule_sector_cap2_breadth_it_us5_top2_convex_ranked_tail_count5_floor40_risk_on,benchmark_xs_mom_12_1_top5_eq,30.0,0.520838581932678,-0.3083701306709071,1.600340707892464,12.366576007323351,0.45913427537451335,0.7679664105353126,-0.3345924257913808,0.06170430655816461,0.8323742973571515,0.026222295120473693
aggressive_vs_full_xs_mom,rule_sector_cap2_breadth_it_us5_top2_convex_ranked_tail_count5_floor40_risk_on,benchmark_xs_mom_12_1_top5_eq,50.0,0.48397485465579493,-0.3237315841025783,1.5150279295127045,10.673935698999873,0.42790037064901365,0.7400393676210908,-0.34081107534306243,0.05607448400678128,0.7749885618916137,0.017079491240484135
aggressive_vs_full_xs_mom,rule_sector_cap2_breadth_it_us5_top2_convex_ranked_tail_count5_floor40_risk_on,benchmark_xs_mom_12_1_top5_eq,75.0,0.4390110763641841,-0.3425153086962506,1.4081569740478563,8.875001656959855,0.38968060440684904,0.7050550011238552,-0.35479380059248067,0.04933047195733509,0.7031019729240011,0.012278491896230093
