Label,Model,Benchmark,OneWayCostBps,ModelCAGR,ModelMDD,ModelSharpe,FinalNAV,BenchmarkCAGR,BenchmarkSharpe,BenchmarkMDD,CAGRDelta,SharpeDelta,MDDDelta
aggressive_vs_full_xs_mom,rule_sector_cap2_breadth_it_us5_top2_convex_ranked_tail_count7_pen40_floor20_bonus18_pow05_risk_on,benchmark_xs_mom_12_1_top5_eq,10.0,0.626922798196353,-0.29270595691257784,1.689757073836905,18.53157469337123,0.4909635890772157,0.7958383985428232,-0.32833729003497636,0.13595920911913728,0.8939186752940818,0.03563133312239852
aggressive_vs_full_xs_mom,rule_sector_cap2_breadth_it_us5_top2_convex_ranked_tail_count7_pen40_floor20_bonus18_pow05_risk_on,benchmark_xs_mom_12_1_top5_eq,20.0,0.6068524866165084,-0.3005761989315733,1.6504244983584344,17.201807739665064,0.47497389811299584,0.7819093620436854,-0.3314694248427069,0.13187858850351253,0.868515136314749,0.030893225911133637
aggressive_vs_full_xs_mom,rule_sector_cap2_breadth_it_us5_top2_convex_ranked_tail_count7_pen40_floor20_bonus18_pow05_risk_on,benchmark_xs_mom_12_1_top5_eq,30.0,0.5870018927003084,-0.3083701306709071,1.6110536915277573,15.965778237297775,0.45913427537451335,0.7679664105353126,-0.3345924257913808,0.1278676173257951,0.8430872809924448,0.026222295120473693
aggressive_vs_full_xs_mom,rule_sector_cap2_breadth_it_us5_top2_convex_ranked_tail_count7_pen40_floor20_bonus18_pow05_risk_on,benchmark_xs_mom_12_1_top5_eq,50.0,0.5479514591545116,-0.3237315841025783,1.5322067969488855,13.74941636956245,0.42790037064901365,0.7400393676210908,-0.34081107534306243,0.12005108850549795,0.7921674293277947,0.017079491240484135
aggressive_vs_full_xs_mom,rule_sector_cap2_breadth_it_us5_top2_convex_ranked_tail_count7_pen40_floor20_bonus18_pow05_risk_on,benchmark_xs_mom_12_1_top5_eq,75.0,0.5003372171615297,-0.3425153086962506,1.433475156193793,11.399665427434034,0.38968060440684904,0.7050550011238552,-0.35479380059248067,0.11065661275468064,0.7284201550699378,0.012278491896230093
