Label,Model,Benchmark,OneWayCostBps,ModelCAGR,ModelMDD,ModelSharpe,FinalNAV,BenchmarkCAGR,BenchmarkSharpe,BenchmarkMDD,CAGRDelta,SharpeDelta,MDDDelta
aggressive_vs_full_xs_mom,rule_sector_cap2_breadth_it_us5_top2_convex_risk_on,benchmark_xs_mom_12_1_top5_eq,10.0,0.49654031622878403,-0.29270595691257784,1.6612271051417917,11.227701123564417,0.4909635890772157,0.7958383985428232,-0.32833729003497636,0.005576727151568317,0.8653887065989685,0.03563133312239852
aggressive_vs_full_xs_mom,rule_sector_cap2_breadth_it_us5_top2_convex_risk_on,benchmark_xs_mom_12_1_top5_eq,20.0,0.47848262643233497,-0.3005761989315733,1.6154618843963455,10.439143975958975,0.47497389811299584,0.7819093620436854,-0.3314694248427069,0.003508728319339127,0.8335525223526601,0.030893225911133637
aggressive_vs_full_xs_mom,rule_sector_cap2_breadth_it_us5_top2_convex_risk_on,benchmark_xs_mom_12_1_top5_eq,30.0,0.46061871932362974,-0.3083701306709071,1.5696260667537065,9.70500883143438,0.45913427537451335,0.7679664105353126,-0.3345924257913808,0.0014844439491163985,0.801659656218394,0.026222295120473693
aggressive_vs_full_xs_mom,rule_sector_cap2_breadth_it_us5_top2_convex_risk_on,benchmark_xs_mom_12_1_top5_eq,50.0,0.42546496880269213,-0.3237315841025783,1.4777554572336615,8.385491792206212,0.42790037064901365,0.7400393676210908,-0.34081107534306243,-0.0024354018463215166,0.7377160896125707,0.017079491240484135
aggressive_vs_full_xs_mom,rule_sector_cap2_breadth_it_us5_top2_convex_risk_on,benchmark_xs_mom_12_1_top5_eq,75.0,0.3825806173293289,-0.3425153086962506,1.3625774971227045,6.981523272037867,0.38968060440684904,0.7050550011238552,-0.35479380059248067,-0.007099987077520131,0.6575224959988493,0.012278491896230093
