Label,Model,Benchmark,OneWayCostBps,ModelCAGR,ModelMDD,ModelSharpe,FinalNAV,BenchmarkCAGR,BenchmarkSharpe,BenchmarkMDD,CAGRDelta,SharpeDelta,MDDDelta
aggressive_vs_full_xs_mom,rule_sector_cap2_breadth_it_us5_top2_convex_ranked_tail_risk_on,benchmark_xs_mom_12_1_top5_eq,10.0,0.5127370954818276,-0.29270595691257784,1.6690795735468824,11.976630699978612,0.4909635890772157,0.7958383985428232,-0.32833729003497636,0.021773506404611842,0.8732411750040592,0.03563133312239852
aggressive_vs_full_xs_mom,rule_sector_cap2_breadth_it_us5_top2_convex_ranked_tail_risk_on,benchmark_xs_mom_12_1_top5_eq,20.0,0.4944117219156767,-0.3005761989315733,1.6241378662069392,11.132245000989718,0.47497389811299584,0.7819093620436854,-0.3314694248427069,0.019437823802680887,0.8422285041632538,0.030893225911133637
aggressive_vs_full_xs_mom,rule_sector_cap2_breadth_it_us5_top2_convex_ranked_tail_risk_on,benchmark_xs_mom_12_1_top5_eq,30.0,0.4762837911578113,-0.3083701306709071,1.5791293507646964,10.346358623931138,0.45913427537451335,0.7679664105353126,-0.3345924257913808,0.01714951578329793,0.8111629402293838,0.026222295120473693
aggressive_vs_full_xs_mom,rule_sector_cap2_breadth_it_us5_top2_convex_ranked_tail_risk_on,benchmark_xs_mom_12_1_top5_eq,50.0,0.44061280631180066,-0.3237315841025783,1.488924005715494,8.93442458438266,0.42790037064901365,0.7400393676210908,-0.34081107534306243,0.012712435662787014,0.7488846380944032,0.017079491240484135
aggressive_vs_full_xs_mom,rule_sector_cap2_breadth_it_us5_top2_convex_ranked_tail_risk_on,benchmark_xs_mom_12_1_top5_eq,75.0,0.39710176140156483,-0.3425153086962506,1.375845759871924,7.433090744762025,0.38968060440684904,0.7050550011238552,-0.35479380059248067,0.007421156994715794,0.6707907587480688,0.012278491896230093
