Label,Model,Benchmark,OneWayCostBps,ModelCAGR,ModelMDD,ModelSharpe,FinalNAV,BenchmarkCAGR,BenchmarkSharpe,BenchmarkMDD,CAGRDelta,SharpeDelta,MDDDelta
aggressive_vs_full_xs_mom,rule_sector_cap2_breadth_it_us5_top2_convex_ranked_tail_count5_pen50_floor30_risk_on,benchmark_xs_mom_12_1_top5_eq,10.0,0.5834876195369378,-0.29270595691257784,1.6887569813410541,15.75486824501333,0.4909635890772157,0.7958383985428232,-0.32833729003497636,0.09252403045972213,0.8929185827982309,0.03563133312239852
aggressive_vs_full_xs_mom,rule_sector_cap2_breadth_it_us5_top2_convex_ranked_tail_count5_pen50_floor30_risk_on,benchmark_xs_mom_12_1_top5_eq,20.0,0.5641717750601654,-0.3005761989315733,1.6474790968033153,14.636616999083017,0.47497389811299584,0.7819093620436854,-0.3314694248427069,0.08919787694716952,0.8655697347596298,0.030893225911133637
aggressive_vs_full_xs_mom,rule_sector_cap2_breadth_it_us5_top2_convex_ranked_tail_count5_pen50_floor30_risk_on,benchmark_xs_mom_12_1_top5_eq,30.0,0.5450651432933034,-0.3083701306709071,1.606157290882225,13.59634310752903,0.45913427537451335,0.7679664105353126,-0.3345924257913808,0.08593086791879001,0.8381908803469125,0.026222295120473693
aggressive_vs_full_xs_mom,rule_sector_cap2_breadth_it_us5_top2_convex_ranked_tail_count5_pen50_floor30_risk_on,benchmark_xs_mom_12_1_top5_eq,50.0,0.5074715989265772,-0.3237315841025783,1.5233924124170366,11.72872550647508,0.42790037064901365,0.7400393676210908,-0.34081107534306243,0.07957122827756358,0.7833530447959458,0.017079491240484135
aggressive_vs_full_xs_mom,rule_sector_cap2_breadth_it_us5_top2_convex_ranked_tail_count5_pen50_floor30_risk_on,benchmark_xs_mom_12_1_top5_eq,75.0,0.4616214955796425,-0.3425153086962506,1.4197361488811322,9.745045737556675,0.38968060440684904,0.7050550011238552,-0.35479380059248067,0.07194089117279345,0.714681147757277,0.012278491896230093
