Label,Model,Benchmark,OneWayCostBps,ModelCAGR,ModelMDD,ModelSharpe,FinalNAV,BenchmarkCAGR,BenchmarkSharpe,BenchmarkMDD,CAGRDelta,SharpeDelta,MDDDelta
aggressive_vs_full_xs_mom,rule_sector_cap2_breadth_it_us5_top2_convex_ranked_tail_count7_pen40_floor20_risk_on,benchmark_xs_mom_12_1_top5_eq,10.0,0.6085142077532517,-0.29270595691257784,1.689563223164569,17.308794731484774,0.4909635890772157,0.7958383985428232,-0.32833729003497636,0.117550618676036,0.8937248246217457,0.03563133312239852
aggressive_vs_full_xs_mom,rule_sector_cap2_breadth_it_us5_top2_convex_ranked_tail_count7_pen40_floor20_risk_on,benchmark_xs_mom_12_1_top5_eq,20.0,0.5888171864805389,-0.3005761989315733,1.6495133618932332,16.075641734331953,0.47497389811299584,0.7819093620436854,-0.3314694248427069,0.1138432883675431,0.8676039998495477,0.030893225911133637
aggressive_vs_full_xs_mom,rule_sector_cap2_breadth_it_us5_top2_convex_ranked_tail_count7_pen40_floor20_risk_on,benchmark_xs_mom_12_1_top5_eq,30.0,0.5693342260576264,-0.3083701306709071,1.6094244819226837,14.928795163600668,0.45913427537451335,0.7679664105353126,-0.3345924257913808,0.11019995068311306,0.8414580713873712,0.026222295120473693
aggressive_vs_full_xs_mom,rule_sector_cap2_breadth_it_us5_top2_convex_ranked_tail_count7_pen40_floor20_risk_on,benchmark_xs_mom_12_1_top5_eq,50.0,0.5310023636256611,-0.3237315841025783,1.5291395345495893,12.870693520673198,0.42790037064901365,0.7400393676210908,-0.34081107534306243,0.10310199297664746,0.7891001669284985,0.017079491240484135
aggressive_vs_full_xs_mom,rule_sector_cap2_breadth_it_us5_top2_convex_ranked_tail_count7_pen40_floor20_risk_on,benchmark_xs_mom_12_1_top5_eq,75.0,0.4842557272771537,-0.3425153086962506,1.4286079316854459,10.686060232712151,0.38968060440684904,0.7050550011238552,-0.35479380059248067,0.09457512287030467,0.7235529305615906,0.012278491896230093
