Label,Model,Benchmark,OneWayCostBps,ModelCAGR,ModelMDD,ModelSharpe,FinalNAV,BenchmarkCAGR,BenchmarkSharpe,BenchmarkMDD,CAGRDelta,SharpeDelta,MDDDelta
aggressive_vs_full_xs_mom,rule_sector_cap2_breadth_it_us5_top2_convex_ranked_tail_count4_floor35_risk_on,benchmark_xs_mom_12_1_top5_eq,10.0,0.5391428030467884,-0.29270595691257784,1.6828884517099338,13.286699863329497,0.4909635890772157,0.7958383985428232,-0.32833729003497636,0.0481792139695727,0.8870500531671106,0.03563133312239852
aggressive_vs_full_xs_mom,rule_sector_cap2_breadth_it_us5_top2_convex_ranked_tail_count4_floor35_risk_on,benchmark_xs_mom_12_1_top5_eq,20.0,0.5204357554257841,-0.3005761989315733,1.639220939477051,12.346940187084524,0.47497389811299584,0.7819093620436854,-0.3314694248427069,0.04546185731278829,0.8573115774333655,0.030893225911133637
aggressive_vs_full_xs_mom,rule_sector_cap2_breadth_it_us5_top2_convex_ranked_tail_count4_floor35_risk_on,benchmark_xs_mom_12_1_top5_eq,30.0,0.5019308194830419,-0.3083701306709071,1.5954948956186574,11.47249174388544,0.45913427537451335,0.7679664105353126,-0.3345924257913808,0.04279654410852851,0.8275284850833449,0.026222295120473693
aggressive_vs_full_xs_mom,rule_sector_cap2_breadth_it_us5_top2_convex_ranked_tail_count4_floor35_risk_on,benchmark_xs_mom_12_1_top5_eq,50.0,0.46551963972162413,-0.3237315841025783,1.5078788122191316,9.901993276523859,0.42790037064901365,0.7400393676210908,-0.34081107534306243,0.037619269072610484,0.7678394445980408,0.017079491240484135
aggressive_vs_full_xs_mom,rule_sector_cap2_breadth_it_us5_top2_convex_ranked_tail_count4_floor35_risk_on,benchmark_xs_mom_12_1_top5_eq,75.0,0.4211087690443587,-0.3425153086962506,1.3980813639590663,8.232940568786661,0.38968060440684904,0.7050550011238552,-0.35479380059248067,0.03142816463750964,0.6930263628352111,0.012278491896230093
