Strategy,BaselineCAGR,BaselineMDD,BaselineSharpe,AnnualTurnover,CAGR_net_0.5pct,MDD_net_0.5pct,Sharpe_net_0.5pct,AnnualTurnover_net,WindowCount,MedianCAGR,WorstCAGR,WorstMDD,MedianSharpe
Weekly ForeignFlow v2,0.10360535691467487,-0.10032670786963171,1.0382642501870767,5.3203894028728635,0.08904465577594611,-0.13785117945815162,0.9065533743093569,5.3203894028728635,3,-0.016800761289916255,-0.19079861887934169,-0.2660979344322115,-0.09198762941572514
Weekly ForeignFlow v3,0.10448219630706368,-0.10032670786963183,1.0425213290134046,5.4002232670365355,0.08969217856065792,-0.1378511794581514,0.9093082522322317,5.4002232670365355,3,-0.016800761289916255,-0.19079861887934169,-0.2660979344322115,-0.09198762941572514
Weekly Hybrid FV350 RS50,,,,,0.08582606437342988,-0.13585062698308337,0.9857907082254445,6.0434492208326835,3,0.009642240493357379,-0.0704144354976991,-0.13874305665517872,0.1512679572697243
Weekly Score50 RegimeState,0.09842412509720844,-0.12927915195210016,1.066083352473387,6.6866751746288315,0.08022580501764942,-0.16451489154978194,0.8852731095132899,6.6866751746288315,3,0.06088403610036908,0.03353454580837645,-0.0809575599165997,1.115630328391702
