Strategy,CAGR_net_0.5pct,MDD_net_0.5pct,Sharpe_net_0.5pct,AnnualTurnover_net
Weekly ForeignFlow v2,0.08904465577594611,-0.13785117945815162,0.9065533743093569,5.3203894028728635
Weekly ForeignFlow v3,0.08969217856065792,-0.1378511794581514,0.9093082522322317,5.4002232670365355
Weekly Score50 RegimeState,0.08022580501764942,-0.16451489154978194,0.8852731095132899,6.6866751746288315
Weekly Hybrid FV350 RS50,0.08582606437342988,-0.13585062698308337,0.9857907082254445,6.0434492208326835
