Strategy,BaselineCAGR,BaselineMDD,BaselineSharpe,AnnualTurnover
Weekly ForeignFlow v2,0.10360535691467487,-0.10032670786963171,1.0382642501870767,5.3203894028728635
Weekly ForeignFlow v3,0.10448219630706368,-0.10032670786963183,1.0425213290134046,5.4002232670365355
Weekly Score50 RegimeState,0.09842412509720844,-0.12927915195210016,1.066083352473387,6.6866751746288315
