Strategy,WindowCount,MedianCAGR,WorstCAGR,WorstMDD,MedianSharpe
Weekly ForeignFlow v2,3,-0.016800761289916255,-0.19079861887934169,-0.2660979344322115,-0.09198762941572514
Weekly ForeignFlow v3,3,-0.016800761289916255,-0.19079861887934169,-0.2660979344322115,-0.09198762941572514
Weekly Hybrid FV350 RS50,3,0.009642240493357379,-0.0704144354976991,-0.13874305665517872,0.1512679572697243
Weekly Score50 RegimeState,3,0.06088403610036908,0.03353454580837645,-0.0809575599165997,1.115630328391702
