Market,Sector,Contribution
US,Information Technology,0.6152540504185486
KR,Unknown,0.4342890264632756
US,Consumer Discretionary,0.16586430800375412
US,Industrials,0.14694802041101213
US,Communication Services,0.1180581414431793
US,Financials,0.07919942159072724
US,Health Care,0.06521110976694709
US,Energy,0.059991856879456434
KR,ETF,0.03739566780616854
US,Consumer Staples,0.011919062282677232
US,Utilities,0.01110294187330517
US,Real Assets,-8.226141115110667e-05
US,Rates,-0.0010822146235796401
