Benchmark,StrategyCAGR,BenchmarkCAGR,ExcessCAGR,StrategyMDD,BenchmarkMDD,StrategySharpe,BenchmarkSharpe,MeanMonthlyExcess,HitRateMonthlyExcess,ExcessFinalNAV
SPY,0.2703609056248073,0.1511723542242851,0.1191885514005222,-0.30254961018751503,-0.21048478018174366,0.9532523298847234,0.9937166559473224,0.013625044044398805,0.5573770491803278,1.8076001687873786
KOSPI200,0.2703609056248073,0.21778676431553268,0.052574141309274625,-0.30254961018751503,-0.3558491855564413,0.9532523298847234,0.9261466728850967,0.006094809246502186,0.5573770491803278,1.2084680762285425
US6040,0.2703609056248073,0.046459185873189535,0.22390171975161777,-0.30254961018751503,-0.09507951473351806,0.9532523298847234,0.8964664057237222,0.024356526014258525,0.5901639344262295,3.3133975997864678
SameUniverseEW,0.2703609056248073,0.23622550370389028,0.03413540192091702,-0.30254961018751503,-0.2055517743019054,0.9532523298847234,1.300061970783932,0.006119562619868045,0.5081967213114754,1.2022878756846456
