CAGR,MDD,Sharpe,FinalNAV,AnnualTurnover,Months
0.2703609056248073,-0.30254961018751503,0.9532523298847234,4.20165561336919,17.19970505593441,61
