Market,Contribution
US,1.3842864117932299
KR,0.47168469426944415
