Strategy,ValidationStatus,Notes,CAGR,MDD,Sharpe
US ETF RiskBudget,BASELINE,adjusted_close_weekly_riskbudget,0.0481529789114612,-0.14051269312530645,0.8096126522406679
US Same-Universe EW Benchmark,REFERENCE,monthly_equal_weight_active_members,0.12183640986589461,-0.3580112112333783,0.7507738841888877
US Residual Sector Rotation,RESEARCH_ONLY,factor_last_date=2026-01-30,0.07430673887001049,-0.32794683091020904,0.49269289294668744
US Stock Mom12_1,RESEARCH_ONLY,WIKIPEDIA_REVISION_POINT_IN_TIME_APPROX,0.1484603935099229,-0.30670645624449533,0.8778782184448417
