Strategy,OneWayCostBps,CAGR,MDD,Sharpe
US Stock Mom12_1,5.0,0.14966243353010622,-0.30662219871534135,0.8838787800811971
US Stock Mom12_1,7.0,0.1484603935099229,-0.30670645624449533,0.8778782184448417
US Stock Mom12_1,10.0,0.14665944154761412,-0.3068328425382265,0.8688724584924358
US Stock Mom12_1,15.0,0.143663468699869,-0.30704348636111223,0.853850292000912
US Stock Mom12_1,25.0,0.1376925223147656,-0.3074647740068832,0.8237625332010124
