Strategy,WindowCount,MedianCAGR,WorstCAGR,WorstMDD,MedianSharpe
US ETF RiskBudget,5,0.06335875142054515,-0.025157054796158373,-0.14051269312530823,0.7734818458461807
US Residual Sector Rotation,5,0.11512007927223955,-0.010347268017533495,-0.32794683091020904,0.8305555636579248
US Same-Universe EW Benchmark,5,0.19186671824582313,0.04042959016442316,-0.3580112112333783,0.8662305020747952
US Stock Mom12_1,5,0.20375077022998878,0.032920679255534324,-0.30670645624449533,0.8320273339811951
