{
  "baseline_variant": "rule_sector_cap2_breadth_it_us5_risk_on",
  "candidate_variant": "rule_sector_cap2_breadth_it_us5_top2_risk_on",
  "months_compared": 61,
  "spy_up_avg_delta": 0.004536980747088778,
  "spy_down_avg_delta": 0.0008192022723207534,
  "kospi_up_avg_delta": 0.005179583649522282,
  "kospi_down_avg_delta": 0.0013921157850727576
}