Market,Sector,PositionCount,WeightSum,AvgMomentumScore
US,Industrials,4,0.4444444444444444,0.08667738045857323
KR,ETF,3,0.3333333333333333,0.12275642201810581
US,Health Care,2,0.2222222222222222,0.07483318559089061
