Market,ContributionSum,ContributionMean,Months
KR,0.13286617478741114,0.009490441056243653,14
US,0.1503933195644224,0.006266388315184266,24
