Market,ContributionSum,ContributionMean,Months
KR,0.09980000879785252,0.007128572056989466,14
US,0.15161966733912569,0.006317486139130237,24
