Market,Contribution
US,1.5859470112610385
KR,0.24416369109277453
