Benchmark,StrategyCAGR,BenchmarkCAGR,ExcessCAGR,StrategyMDD,BenchmarkMDD,StrategySharpe,BenchmarkSharpe,MeanMonthlyExcess,HitRateMonthlyExcess,ExcessFinalNAV
SPY,0.33433567237915396,0.1511723542242851,0.18316331815486886,-0.2524158832009178,-0.21048478018174366,1.4481980324244779,0.9937166559473224,0.01613637727119296,0.5737704918032787,2.374829385672628
KOSPI200,0.33433567237915396,0.21778676431553268,0.11654890806362128,-0.2524158832009178,-0.3558491855564413,1.4481980324244779,0.9261466728850967,0.008606142473296339,0.5737704918032787,1.4780833062903516
US6040,0.33433567237915396,0.046459185873189535,0.2878764865059644,-0.2524158832009178,-0.09507951473351806,1.4481980324244779,0.8964664057237222,0.026867859241052675,0.6557377049180327,4.434069295937279
SameUniverseEW,0.33433567237915396,0.23622550370389028,0.09811016867526368,-0.2524158832009178,-0.2055517743019054,1.4481980324244779,1.300061970783932,0.008630895846662198,0.5409836065573771,1.4999486747235253
