Benchmark,StrategyCAGR,BenchmarkCAGR,ExcessCAGR,StrategyMDD,BenchmarkMDD,StrategySharpe,BenchmarkSharpe,MeanMonthlyExcess,HitRateMonthlyExcess,ExcessFinalNAV
SPY,0.33670920492365486,0.1511723542242851,0.18553685069936976,-0.32086999837374874,-0.21048478018174366,1.3055909048150462,0.9937166559473224,0.017131176238414016,0.5245901639344263,2.4587842724456013
KOSPI200,0.33670920492365486,0.21778676431553268,0.11892244060812218,-0.32086999837374874,-0.3558491855564413,1.3055909048150462,0.9261466728850967,0.009600941440517392,0.5901639344262295,1.5458106800948777
US6040,0.33670920492365486,0.046459185873189535,0.2902500190504653,-0.32086999837374874,-0.09507951473351806,1.3055909048150462,0.8964664057237222,0.027862658208273727,0.6065573770491803,4.51486903245345
SameUniverseEW,0.33670920492365486,0.23622550370389028,0.10048370121976458,-0.32086999837374874,-0.2055517743019054,1.3055909048150462,1.300061970783932,0.009625694813883253,0.5901639344262295,1.555987921143995
