CAGR,MDD,Sharpe,FinalNAV,AnnualTurnover,Months
0.3034937954946697,-0.26359044126735387,1.4054223868682854,4.903387710833091,13.879391100702575,61
