Benchmark,StrategyCAGR,BenchmarkCAGR,ExcessCAGR,StrategyMDD,BenchmarkMDD,StrategySharpe,BenchmarkSharpe,MeanMonthlyExcess,HitRateMonthlyExcess,ExcessFinalNAV
SPY,0.3034937954946697,0.1511723542242851,0.1523214412703846,-0.26359044126735387,-0.21048478018174366,1.4054223868682854,0.9937166559473224,0.013477795829593903,0.5573770491803278,2.0502071141100684
KOSPI200,0.3034937954946697,0.21778676431553268,0.08570703117913703,-0.26359044126735387,-0.3558491855564413,1.4054223868682854,0.9261466728850967,0.0059475610316972825,0.5409836065573771,1.2567111404369324
US6040,0.3034937954946697,0.046459185873189535,0.25703460962148017,-0.26359044126735387,-0.09507951473351806,1.4054223868682854,0.8964664057237222,0.02420927779945362,0.639344262295082,3.845565402681018
SameUniverseEW,0.3034937954946697,0.23622550370389028,0.06726829179077942,-0.26359044126735387,-0.2055517743019054,1.4054223868682854,1.300061970783932,0.005972314405063142,0.5573770491803278,1.290476785268715
