Strategy,ValidationStatus,Notes,CAGR,MDD,Sharpe
US ETF RiskBudget,BASELINE,adjusted_close_weekly_riskbudget,0.0481529789114612,-0.14051269312530645,0.8096126522406679
US Residual Sector Rotation,RESEARCH_ONLY,factor_last_date=2026-01-30,0.07430673887001049,-0.32794683091020904,0.49269289294668744
US Stock Mom12_1,RESEARCH_ONLY,static_current_sp100_membership,0.18410260846811988,-0.3350143157680867,0.9953444474399974
