Strategy,OneWayCostBps,CAGR,MDD,Sharpe
US Stock Mom12_1,5.0,0.1854147921302567,-0.334920209412536,1.001299500748239
US Stock Mom12_1,7.0,0.18410260846811988,-0.3350143157680867,0.9953444474399974
US Stock Mom12_1,10.0,0.18213677074060297,-0.33515547530141354,0.9864067154992489
US Stock Mom12_1,15.0,0.17886686572628618,-0.33539074119029144,0.9714972873297224
US Stock Mom12_1,25.0,0.17235133361962562,-0.33586127296804713,0.9416324874560658
