Strategy,WindowCount,MedianCAGR,WorstCAGR,WorstMDD,MedianSharpe
US ETF RiskBudget,5,0.06335875142054515,-0.025157054796158373,-0.14051269312530823,0.7734818458461807
US Residual Sector Rotation,5,0.11512007927223955,-0.010347268017533495,-0.32794683091020904,0.8305555636579248
US Stock Mom12_1,5,0.2273357430254379,0.024787037132723677,-0.33501431576808705,0.8714445151691478
