Model,Benchmark,MonthsCompared,AvgMonthlyDelta,PositiveMonths,NegativeMonths,ModelCAGR,BenchmarkCAGR,ModelSharpe,BenchmarkSharpe
rule_breadth_it_us5_cap,benchmark_spy_sma10,61,0.02048752196231049,35,26,0.33433567237915396,0.11005327881351712,1.4481980324244779,1.022724235659933
rule_breadth_it_us5_cap,benchmark_spy_buy_hold,61,0.016152770713815913,35,26,0.33433567237915396,0.1509638555330819,1.4481980324244779,0.992118202198672
rule_breadth_it_us5_cap,benchmark_spy_kospi_equal_weight,61,0.012408786168962635,33,28,0.33433567237915396,0.19081717797568998,1.4481980324244779,1.0970551984018928
rule_breadth_it_us5_cap,benchmark_kospi200_buy_hold,61,0.008622535915919287,35,26,0.33433567237915396,0.21757115196812826,1.4481980324244779,0.9253152431298005
rule_sector_cap2_breadth_it_us5_top2_convex_risk_on,benchmark_spy_sma10,61,0.03344323028859621,37,24,0.49654031622878403,0.11005327881351712,1.6612271051417917,1.022724235659933
rule_sector_cap2_breadth_it_us5_top2_convex_risk_on,benchmark_spy_buy_hold,61,0.02910847904010163,35,26,0.49654031622878403,0.1509638555330819,1.6612271051417917,0.992118202198672
rule_sector_cap2_breadth_it_us5_top2_convex_risk_on,benchmark_spy_kospi_equal_weight,61,0.025364494495248347,36,25,0.49654031622878403,0.19081717797568998,1.6612271051417917,1.0970551984018928
rule_sector_cap2_breadth_it_us5_top2_convex_risk_on,benchmark_kospi200_buy_hold,61,0.021578244242205006,33,28,0.49654031622878403,0.21757115196812826,1.6612271051417917,0.9253152431298005
