Variant,CAGR,MDD,Sharpe,Sortino,Calmar,FinalNAV,ProfitFactor,ExpectancyPerPeriod,WinRate,TradeCountProxy,AnnualTurnover,AvgExposure
rule_sector_cap2_breadth_it_us5_top2_convex_risk_on,0.49654031622878403,-0.29270595691257784,1.6612271051417917,4.3754828954609755,1.6963792656159886,11.227701123564417,3.50085179353079,0.04445948863551168,0.6229508196721312,61,14.883934426229512,1.0
benchmark_xs_mom_12_1_top5_eq,0.4909635890772157,-0.32833729003497636,0.7958383985428232,4.069619895201051,1.4953025561760453,10.979049988218204,2.856484888544735,0.06137609114566685,0.5737704918032787,61,13.170607203110412,0.9836065573770492
rule_breadth_it_us5_cap,0.33433567237915396,-0.2524158832009178,1.4481980324244779,3.0756205737346103,1.324542925506117,5.641818382878738,2.9456206813471653,0.03150378030922597,0.6229508196721312,61,13.716065573770493,1.0
benchmark_xs_mom_12_1_us_stock_top5_eq,0.33123695485063154,-0.26743277187156067,1.1441352781591367,2.2525234817422204,1.2385802702210107,5.563679368180593,2.6839902327584078,0.03332409058877456,0.5081967213114754,61,9.027986219079834,0.8032786885245902
benchmark_kospi200_buy_hold,0.21757115196812826,-0.3558491855564414,0.9253152431298005,2.2631075854625538,0.6114139382612671,3.257234778302082,2.3253906641729647,0.02288124439330668,0.5245901639344263,61,0.19672131147540983,1.0
benchmark_spy_kospi_equal_weight,0.19081717797568998,-0.2616396311969359,1.0970551984018928,1.8878978819815195,0.7293129756480281,2.850799795650074,2.3791197706317546,0.01909499414026333,0.6721311475409836,61,0.45031556061585065,1.0
benchmark_spy_buy_hold,0.1509638555330819,-0.21048478018174366,0.992118202198672,1.530491057099558,0.71721981704678,2.324269715773045,2.0691113839776056,0.015351009595410057,0.6885245901639344,61,0.19672131147540983,1.0
benchmark_spy_sma10,0.11005327881351712,-0.15362317436916872,1.022724235659933,1.3197551764782303,0.7163846162236586,1.870685893978874,2.261652102032532,0.011016258346915482,0.5573770491803278,61,2.1639344262295084,0.7868852459016393
