Strategy,BaselineCAGR,BaselineMDD,BaselineSharpe,AnnualTurnover,CAGR_net_0.5pct,MDD_net_0.5pct,Sharpe_net_0.5pct,WindowCount,MedianCAGR,WorstCAGR,MedianMDD,WorstMDD,CAGRStd,OperatingBaseline
ScoreN30_P2.0_ROE0.4,0.10407289047166923,-0.10933014075652336,1.0371332960618718,11.839166325020942,0.07188754465358471,-0.19993514387364197,0.7428928017550208,3,0.0013081208630703056,-0.044883111565135136,-0.08711020777091638,-0.17987956037298947,0.3535993934378199,Weekly ETF RiskBudget
ScoreN30_P2.0_ROE0.6,0.10664762625931701,-0.15573151689128062,0.9574081805657508,13.868837656768665,0.06895408307987516,-0.2446246688475716,0.6500703908219333,3,0.033495769843271184,-0.04175468826726314,-0.1279552253329006,-0.1779576737848193,0.3315903725644394,Weekly ETF RiskBudget
