Strategy,CAGR_net_0.5pct,MDD_net_0.5pct,Sharpe_net_0.5pct
ScoreN30_P2.0_ROE0.4,0.07188754465358471,-0.19993514387364197,0.7428928017550208
ScoreN30_P2.0_ROE0.6,0.06895408307987516,-0.2446246688475716,0.6500703908219333
