Strategy,WindowCount,MedianCAGR,WorstCAGR,MedianMDD,WorstMDD,CAGRStd
ScoreN30_P2.0_ROE0.4,3,0.0013081208630703056,-0.044883111565135136,-0.08711020777091638,-0.17987956037298947,0.3535993934378199
ScoreN30_P2.0_ROE0.6,3,0.033495769843271184,-0.04175468826726314,-0.1279552253329006,-0.1779576737848193,0.3315903725644394
