Strategy,BaselineCAGR,BaselineMDD,BaselineSharpe,AnnualTurnover
ScoreN30_P2.0_ROE0.4,0.10407289047166923,-0.10933014075652336,1.0371332960618718,11.839166325020942
ScoreN30_P2.0_ROE0.6,0.10664762625931701,-0.15573151689128062,0.9574081805657508,13.868837656768665
