OneWayCostBps,LeadCAGR,LeadMDD,LeadSharpe,FinalNAV_x,RefCAGR,RefMDD,RefSharpe,FinalNAV_y,CAGRDelta,SharpeDelta,MDDDelta
0.0,0.5580538927197818,-0.28475876898045505,1.726494552489125,14.296549207322233,0.5312617939345612,-0.28475876898045505,1.713951469737528,12.88378180994658,0.026792098785220597,0.012543082751597101,0.0
10.0,0.5391428030467884,-0.29270595691257784,1.6828884517099338,13.286699863329497,0.5127370954818276,-0.29270595691257784,1.6690795735468824,11.976630699978612,0.026405707564960856,0.01380887816305143,0.0
25.0,0.5111581435269346,-0.30448266402942825,1.6173650533692352,11.901837964389879,0.48532319321543005,-0.30448266402942825,1.6016417710235207,10.732244679917082,0.025834950311504512,0.015723282345714518,0.0
50.0,0.46551963972162413,-0.3237315841025783,1.5078788122191316,9.901993276523859,0.44061280631180066,-0.3237315841025783,1.488924005715494,8.93442458438266,0.02490683340982347,0.018954806503637567,0.0
75.0,0.4211087690443587,-0.3425153086962506,1.3980813639590663,8.232940568786661,0.39710176140156483,-0.3425153086962506,1.375845759871924,7.433090744762025,0.024007007642793843,0.022235604087142313,0.0
