Variant,CAGR,MDD,Sharpe,FinalNAV,AnnualTurnover
rule_sector_cap2_breadth_it_us5_top2_convex_ranked_tail_count7_pen40_floor20_bonus18_pow05_risk_on,0.626922798196353,-0.29270595691257784,1.689757073836905,18.53157469337123,15.311298934984725
rule_sector_cap2_breadth_it_us5_top2_convex_ranked_tail_count6_pen35_floor20_bonus18_pow05_risk_on,0.6315699672750634,-0.29270595691257784,1.6892405803253625,18.85138113157869,15.318780992807628
