Variant,CAGR,MDD,Sharpe,FinalNAV,AnnualTurnover
rule_sector_cap2_breadth_it_us5_top2_convex_ranked_tail_count7_pen40_floor20_bonus18_risk_on,0.6215618068438058,-0.29270595691257784,1.689597507488128,18.168273419240037,15.295138173302107
rule_sector_cap2_breadth_it_us5_top2_convex_ranked_tail_count7_pen40_floor20_bonus18_pow05_risk_on,0.626922798196353,-0.29270595691257784,1.689757073836905,18.53157469337123,15.311298934984725
benchmark_xs_mom_12_1_top5_eq,0.4909635890772157,-0.32833729003497636,0.7958383985428232,10.979049988218204,13.170607203110412
