OneWayCostBps,LeadCAGR,LeadMDD,LeadSharpe,FinalNAV_x,RefCAGR,RefMDD,RefSharpe,FinalNAV_y,CAGRDelta,SharpeDelta,MDDDelta
0.0,0.5903292262361397,-0.28475876898045505,1.7293101917715352,16.167632200786137,0.5776578575476796,-0.28475876898045505,1.7279505258659251,15.410115152478916,0.012671368688460083,0.0013596659056100968,0.0
10.0,0.5709933497835453,-0.29270595691257784,1.6874551616828117,15.023721754106305,0.5585123581519118,-0.29270595691257784,1.6854655565277041,14.321803016835304,0.01248099163163352,0.001989605155107599,0.0
25.0,0.5423804092415252,-0.30448266402942825,1.6245807788323747,13.455237933087973,0.5301804816200788,-0.30448266402942825,1.6216404135300597,12.829302603793348,0.012199927621446394,0.0029403653023150067,0.0
50.0,0.49571813538509235,-0.3237315841025783,1.5195677597906427,11.19075017177174,0.48397485465579493,-0.3237315841025783,1.5150279295127045,10.673935698999873,0.011743280729297423,0.0045398302779382504,0.0
75.0,0.45031211421220974,-0.3425153086962506,1.4143136182560414,9.301389236592136,0.4390110763641841,-0.3425153086962506,1.4081569740478563,8.875001656959855,0.011301037848025608,0.006156644208185069,0.0
