OneWayCostBps,LeadCAGR,LeadMDD,LeadSharpe,FinalNAV_x,RefCAGR,RefMDD,RefSharpe,FinalNAV_y,CAGRDelta,SharpeDelta,MDDDelta
0.0,0.5312617939345612,-0.28475876898045505,1.713951469737528,12.88378180994658,0.5147936284389993,-0.28475876898045505,1.706918552009549,12.074632674277177,0.01646816549556185,0.007032917727979093,0.0
10.0,0.5127370954818276,-0.29270595691257784,1.6690795735468824,11.976630699978612,0.49654031622878403,-0.29270595691257784,1.6612271051417917,11.227701123564417,0.016196779253043525,0.007852468405090685,0.0
25.0,0.48532319321543005,-0.30448266402942825,1.6016417710235207,10.732244679917082,0.46952656444056795,-0.30448266402942825,1.5925526007566975,10.065510206165909,0.015796628774862098,0.00908917026682321,0.0
50.0,0.44061280631180066,-0.3237315841025783,1.488924005715494,8.93442458438266,0.42546496880269213,-0.3237315841025783,1.4777554572336615,8.385491792206212,0.01514783750910853,0.011168548481832463,0.0
75.0,0.39710176140156483,-0.3425153086962506,1.375845759871924,7.433090744762025,0.3825806173293289,-0.3425153086962506,1.3625774971227045,6.981523272037867,0.014521144072235925,0.01326826274921955,0.0
