OneWayCostBps,LeadCAGR,LeadMDD,LeadSharpe,FinalNAV_x,RefCAGR,RefMDD,RefSharpe,FinalNAV_y,CAGRDelta,SharpeDelta,MDDDelta
0.0,0.6030146767935913,-0.28475876898045505,1.7299883325317595,16.95682147412312,0.5903292262361397,-0.28475876898045505,1.7293101917715352,16.167632200786137,0.012685450557451627,0.0006781407602243217,0.0
10.0,0.5834876195369378,-0.29270595691257784,1.6887569813410541,15.75486824501333,0.5709933497835453,-0.29270595691257784,1.6874551616828117,15.023721754106305,0.012494269753392517,0.0013018196582423869,0.0
25.0,0.5545924319549005,-0.30448266402942825,1.626823520363705,14.107075352829764,0.5423804092415252,-0.30448266402942825,1.6245807788323747,13.455237933087973,0.012212022713375292,0.0022427415313301946,0.0
50.0,0.5074715989265772,-0.3237315841025783,1.5233924124170366,11.72872550647508,0.49571813538509235,-0.3237315841025783,1.5195677597906427,11.19075017177174,0.011753463541484876,0.003824652626393865,0.0
75.0,0.4616214955796425,-0.3425153086962506,1.4197361488811322,9.745045737556675,0.45031211421220974,-0.3425153086962506,1.4143136182560414,9.301389236592136,0.011309381367432758,0.005422530625090793,0.0
