OneWayCostBps,LeadCAGR,LeadMDD,LeadSharpe,FinalNAV_x,RefCAGR,RefMDD,RefSharpe,FinalNAV_y,CAGRDelta,SharpeDelta,MDDDelta
0.0,0.6519267079735589,-0.28475876898045505,1.7283004651943137,20.30702183247795,0.647214948864496,-0.28475876898045505,1.7290490742734803,19.96204060982388,0.004711759109062852,-0.0007486090791666289,0.0
10.0,0.6315699672750634,-0.29270595691257784,1.6892405803253625,18.85138113157869,0.626922798196353,-0.29270595691257784,1.689757073836905,18.53157469337123,0.004647169078710434,-0.0005164935115424818,0.0
25.0,0.6014515155454554,-0.30448266402942825,1.6305773325552246,16.857874044928693,0.5968998568575044,-0.30448266402942825,1.6307437270679845,16.572492066970238,0.0045516586879510434,-0.00016639451275990425,0.0
50.0,0.5523475437212955,-0.3237315841025783,1.532628902186559,13.985316628517088,0.5479514591545116,-0.3237315841025783,1.5322067969488855,13.74941636956245,0.004396084566783864,0.0004221052376733869,0.0
75.0,0.5045821503036811,-0.3425153086962506,1.4344917866816052,11.594514346398915,0.5003372171615297,-0.3425153086962506,1.433475156193793,11.399665427434034,0.0042449331421514636,0.0010166304878120869,0.0
