OneWayCostBps,LeadCAGR,LeadMDD,LeadSharpe,FinalNAV_x,RefCAGR,RefMDD,RefSharpe,FinalNAV_y,CAGRDelta,SharpeDelta,MDDDelta
0.0,0.6284273418006818,-0.28475876898045505,1.7295716085831387,18.634614771460388,0.6030146767935913,-0.28475876898045505,1.7299883325317595,16.95682147412312,0.025412665007090496,-0.00041672394862080075,0.0
10.0,0.6085142077532517,-0.29270595691257784,1.689563223164569,17.308794731484774,0.5834876195369378,-0.29270595691257784,1.6887569813410541,15.75486824501333,0.025026588216313872,0.0008062418235148527,0.0
25.0,0.5790490762530811,-0.30448266402942825,1.6294736453455865,15.491810600362854,0.5545924319549005,-0.30448266402942825,1.626823520363705,14.107075352829764,0.02445664429818062,0.002650124981881552,0.0
50.0,0.5310023636256611,-0.3237315841025783,1.5291395345495893,12.870693520673198,0.5074715989265772,-0.3237315841025783,1.5233924124170366,11.72872550647508,0.023530764699083884,0.0057471221325526844,0.0
75.0,0.4842557272771537,-0.3425153086962506,1.4286079316854459,10.686060232712151,0.4616214955796425,-0.3425153086962506,1.4197361488811322,9.745045737556675,0.02263423169751122,0.008871782804313666,0.0
