Variant,CAGR,MDD,Sharpe,FinalNAV,AnnualTurnover
rule_sector_cap2_breadth_it_us5_top2_convex_ranked_tail_count5_pen55_floor35_risk_on,0.5709933497835453,-0.29270595691257784,1.6874551616828117,15.023721754106305,15.06857142857143
rule_sector_cap2_breadth_it_us5_top2_convex_ranked_tail_count5_pen50_floor30_risk_on,0.5834876195369378,-0.29270595691257784,1.6887569813410541,15.75486824501333,15.105948477751758
