Variant,CAGR,MDD,Sharpe,FinalNAV,AnnualTurnover
rule_sector_cap2_breadth_it_us5_top2_convex_ranked_tail_count7_pen40_floor20_risk_on,0.6085142077532517,-0.29270595691257784,1.689563223164569,17.308794731484774,15.181826697892273
rule_sector_cap2_breadth_it_us5_top2_convex_ranked_tail_count7_pen40_floor20_bonus18_risk_on,0.6215618068438058,-0.29270595691257784,1.689597507488128,18.168273419240037,15.295138173302107
