Variant,CAGR,MDD,Sharpe,FinalNAV,AnnualTurnover
rule_sector_cap2_breadth_it_us5_top2_convex_risk_on,0.49654031622878403,-0.29270595691257784,1.6612271051417917,11.227701123564417,14.883934426229512
rule_sector_cap2_breadth_it_us5_top2_convex_ranked_tail_risk_on,0.5127370954818276,-0.29270595691257784,1.6690795735468824,11.976630699978612,14.957564402810306
