OneWayCostBps,LeadCAGR,LeadMDD,LeadSharpe,FinalNAV_x,RefCAGR,RefMDD,RefSharpe,FinalNAV_y,CAGRDelta,SharpeDelta,MDDDelta
0.0,0.647214948864496,-0.28475876898045505,1.7290490742734803,19.96204060982388,0.6417699518037043,-0.28475876898045505,1.729127312789014,19.569470294836513,0.005444997060791712,-7.823851553379058e-05,0.0
10.0,0.626922798196353,-0.29270595691257784,1.689757073836905,18.53157469337123,0.6215618068438058,-0.29270595691257784,1.689597507488128,18.168273419240037,0.005360991352547195,0.00015956634877700715,0.0
25.0,0.5968998568575044,-0.30448266402942825,1.6307437270679845,16.572492066970238,0.5916628697717015,-0.30448266402942825,1.6302255517643147,16.249132950860176,0.005236987085802891,0.0005181753036698211,0.0
50.0,0.5479514591545116,-0.3237315841025783,1.5322067969488855,13.74941636956245,0.5429158945433898,-0.3237315841025783,1.5310860557812278,13.483284289194124,0.005035564611121757,0.0011207411676577017,0.0
75.0,0.5003372171615297,-0.3425153086962506,1.433475156193793,11.399665427434034,0.4954966603840012,-0.3425153086962506,1.431746056458833,11.180813851428482,0.004840556777528482,0.00172909973496016,0.0
