OneWayCostBps,LeadCAGR,LeadMDD,LeadSharpe,FinalNAV_x,RefCAGR,RefMDD,RefSharpe,FinalNAV_y,CAGRDelta,SharpeDelta,MDDDelta
0.0,0.5776578575476796,-0.28475876898045505,1.7279505258659251,15.410115152478916,0.5580538927197818,-0.28475876898045505,1.726494552489125,14.296549207322233,0.019603964827897835,0.001455973376800035,0.0
10.0,0.5585123581519118,-0.29270595691257784,1.6854655565277041,14.321803016835304,0.5391428030467884,-0.29270595691257784,1.6828884517099338,13.286699863329497,0.019369555105123393,0.0025771048177702927,0.0
25.0,0.5301804816200788,-0.30448266402942825,1.6216404135300597,12.829302603793348,0.5111581435269346,-0.30448266402942825,1.6173650533692352,11.901837964389879,0.019022338093144242,0.004275360160824526,0.0
50.0,0.48397485465579493,-0.3237315841025783,1.5150279295127045,10.673935698999873,0.46551963972162413,-0.3237315841025783,1.5078788122191316,9.901993276523859,0.018455214934170794,0.007149117293572926,0.0
75.0,0.4390110763641841,-0.3425153086962506,1.4081569740478563,8.875001656959855,0.4211087690443587,-0.3425153086962506,1.3980813639590663,8.232940568786661,0.01790230731982545,0.010075610088789988,0.0
