{
  "baseline_variant": "rule_sector_cap2_breadth_it_us5_top2_risk_on",
  "candidate_variant": "rule_sector_cap2_breadth_it_us5_top2_convex_risk_on",
  "months_compared": 61,
  "positive_months": 14,
  "negative_months": 9,
  "avg_monthly_delta": 0.0019149604772350337,
  "top_1_positive_month_share": 0.19864473662263574,
  "top_3_positive_month_share": 0.549555942717289,
  "top_1_positive_symbol_share": 0.296565272875089,
  "top_3_positive_symbol_share": 0.6817166831831476,
  "best_month": "2024-11-29",
  "best_month_delta": 0.033133787716966887,
  "top_symbol": "NVDA",
  "top_symbol_delta": 0.06734186178506368
}